0,1,2,3,4,5,6,7,8,9,10,11,12,13,14,15,16,17,18,19,20
"(912.9911183574033, 1039.6252759724077)","(913.000053031565, 1039.6054857514582)","(913.0197922108944, 1039.5662771427199)","(913.0174682668026, 1039.53008902787)","(913.0471641796772, 1039.5709472076749)","(912.9907924463145, 1039.472705530866)","(912.9784450466311, 1039.5761992977762)","(912.9900571302555, 1039.5732025550706)","(912.9815714245457, 1039.5218621322433)","(912.9650009432398, 1039.5535670321894)","(912.9522521755409, 1039.5223512496198)","(913.0114823968272, 1039.5075547447107)","(912.9827406334474, 1039.5355179532544)","(912.9141625916598, 1039.4814746715035)","(912.9930017728179, 1039.615853801582)","(912.9692967798991, 1039.6186901524216)","(912.9789559844249, 1039.5202321760676)","(912.9771429684937, 1039.3982708239307)","(912.9789735294272, 1039.5430652260256)","(912.9673154282355, 1039.558617952132)","(912.9594034889551, 1039.5331386643632)"
"(1015.0714221280423, 1225.8775535987265)","(1015.0763067199096, 1225.8814712129004)","(1015.028151522332, 1225.9195552078536)","(1015.0235747996568, 1225.8661212842583)","(1014.9917847828129, 1225.9214011466975)","(1014.9516729034224, 1225.8737146330761)","(1014.9768205728208, 1225.8807927851303)","(1014.9812259075186, 1225.961027977964)","(1014.9067740020622, 1225.8588712915302)","(1014.9672121402015, 1225.9351265793275)","(1014.9124242638572, 1225.870529478388)","(1014.9962829391293, 1225.853543631323)","(1014.9336366383438, 1225.8535846077757)","(1014.8960546813838, 1225.8518701682965)","(1014.9323895976833, 1225.9923036718499)","(1014.9426102613565, 1226.0101613137647)","(1014.9370303718615, 1225.8799802684448)","(1014.9426334488732, 1225.6982368506056)","(1014.9520586390028, 1225.9123437491469)","(1014.9188279337305, 1225.884133993455)","(1014.9315103028, 1225.8670529402393)"
"(1226.5838606863872, 1231.3448755719994)","(1226.5725654629932, 1231.370392767201)","(1226.558657932991, 1231.3360048090021)","(1226.507229306521, 1231.313257492229)","(1226.4907014189473, 1231.3575969163558)","(1226.445643223802, 1231.336111257945)","(1226.4702772531934, 1231.3758790000095)","(1226.4930432818958, 1231.3915476893399)","(1226.4485939687904, 1231.329573815569)","(1226.4581132612168, 1231.379192085171)","(1226.434512155598, 1231.3186472611858)","(1226.4509100060566, 1231.3208363145363)","(1226.4632101202828, 1231.359241044687)","(1226.3936494535158, 1231.3328578758897)","(1226.4399643237964, 1231.4415372792153)","(1226.4622295006066, 1231.4583266517288)","(1226.4117931343203, 1231.3576378431565)","(1226.40585936317, 1231.2119652492386)","(1226.446619328831, 1231.351415185562)","(1226.4207330894867, 1231.3350788156529)","(1226.420054176205, 1231.3172932669413)"
"(906.2665236925301, 1404.499711199965)","(906.2565139811469, 1404.48152523255)","(906.2927496631762, 1404.4718197058642)","(906.2172657178866, 1404.423352024024)","(906.2085960107588, 1404.4539064789012)","(906.209782352252, 1404.3570082003846)","(906.2592720776693, 1404.388744850494)","(906.264830525914, 1404.4350733795363)","(906.2339195133292, 1404.3318917220993)","(906.2485761097251, 1404.3914504117438)","(906.2098833947161, 1404.3433463496401)","(906.296343232307, 1404.3223198923056)","(906.2143584329822, 1404.3368035014103)","(906.1450392985447, 1404.2904886197073)","(906.2284798234383, 1404.452030420206)","(906.2275691324792, 1404.4656909280422)","(906.2210025406677, 1404.324298784495)","(906.2280348467481, 1404.1442407120612)","(906.2308030152107, 1404.3403213935114)","(906.1910411033516, 1404.3550981402318)","(906.1762705799749, 1404.344026117838)"
"(695.627709993098, 1396.9382935281028)","(695.6469735506793, 1396.928325467239)","(695.6438372707321, 1396.9446572270824)","(695.6636861195446, 1396.8665245902828)","(695.6672821165524, 1396.894519821462)","(695.6372882353897, 1396.8562830175829)","(695.6633516225158, 1396.8693758713557)","(695.6442323825631, 1396.9307794809629)","(695.5996435042522, 1396.8620099289826)","(695.6321623805682, 1396.8856450004266)","(695.6236217046464, 1396.8583864401542)","(695.6521572996537, 1396.855500979247)","(695.6093835013422, 1396.8562371478101)","(695.5771100250744, 1396.8418047765738)","(695.6047335563125, 1396.9410192428)","(695.6272076232145, 1396.942463888266)","(695.6102366179932, 1396.8492404220478)","(695.6114820504941, 1396.7394989352176)","(695.6226802966223, 1396.8840431595092)","(695.6001459640125, 1396.8690149776626)","(695.5946957543438, 1396.8333167980618)"
"(1123.904358850599, 1046.1496011919307)","(1123.888229784309, 1046.1605374087508)","(1123.7930664044336, 1046.2268783073666)","(1123.9740952589834, 1046.0167214884373)","(1123.957021595913, 1046.0204695922491)","(1123.9631270434897, 1045.9804813453966)","(1123.9522968300944, 1046.0269490764365)","(1123.9650850505398, 1046.0488592365327)","(1123.9321446306558, 1046.0020450764919)","(1123.9064042419668, 1046.0536160084976)","(1123.9256713822692, 1046.009367218372)","(1123.967529669762, 1046.0023337099815)","(1123.9328713131526, 1045.9862394415857)","(1123.8551273971905, 1045.9879685390706)","(1123.9089681492637, 1046.1130206973678)","(1123.923655610421, 1046.1443863459967)","(1123.9051854743468, 1045.9919611180624)","(1123.9139047978686, 1045.850436975483)","(1123.9517917435119, 1046.0043383998104)","(1123.8788668548673, 1046.0405135759459)","(1123.890269407483, 1046.0090648618332)"
"(1024.6617695278626, 859.747186567429)","(1024.6734457975028, 859.7258498657543)","(1024.693733126721, 859.7627108920216)","(1024.6323775585124, 859.662993078812)","(1024.6670011307006, 859.7145576564837)","(1024.6659502751954, 859.6519731656118)","(1024.657311855799, 859.700140065839)","(1024.6520143722266, 859.7086909569497)","(1024.6154263713825, 859.654762855462)","(1024.6197863897698, 859.713224441782)","(1024.6495124028793, 859.6609792842999)","(1024.6644893352486, 859.6867367097046)","(1024.5872629261655, 859.6619837136188)","(1024.531626846051, 859.6122358978471)","(1024.6301218981018, 859.759855224522)","(1024.6623032817322, 859.7557043708217)","(1024.639744716062, 859.647510221854)","(1024.6608708488147, 859.5235123999895)","(1024.6310741610048, 859.6742521167399)","(1024.6344788461997, 859.639219855166)","(1024.651568988811, 859.655865539614)"
"(1134.6380586133348, 681.4503159942622)","(1134.6649161614398, 681.4468589306119)","(1134.6480503696703, 681.4673208792649)","(1134.6786675151077, 681.3541663142001)","(1134.67456444709, 681.3777411573566)","(1134.6998231012788, 681.3518095991724)","(1134.683777807231, 681.3936972767524)","(1134.6782460390566, 681.416408787041)","(1134.681037177744, 681.3705041258069)","(1134.6752666888804, 681.4092109987716)","(1134.657780550462, 681.408676132536)","(1134.6783683055517, 681.4002249077656)","(1134.6838411130348, 681.3449875049878)","(1134.6431471708784, 681.3245472496563)","(1134.6854671891895, 681.4117470488662)","(1134.720182431986, 681.4255620829642)","(1134.7018370910619, 681.3618784321709)","(1134.714323173864, 681.2786510394053)","(1134.7249904653993, 681.3898919781171)","(1134.67626546436, 681.3629325876492)","(1134.6952794554875, 681.4210897167491)"
"(1248.28951608004, 503.5798703630649)","(1248.2865799461188, 503.55599076956867)","(1248.2536425181981, 503.5636820400096)","(1248.3045084945024, 503.4995199136577)","(1248.2609177700845, 503.5572511751122)","(1248.2715333211713, 503.5423396029146)","(1248.2895575306313, 503.5268504509536)","(1248.302436638288, 503.57505651857815)","(1248.2709659189156, 503.51626760155676)","(1248.2656874526779, 503.5582694303809)","(1248.2611992113605, 503.52723755730653)","(1248.292263508083, 503.53857158586635)","(1248.2656880411678, 503.5501852035782)","(1248.2576481275105, 503.52263905712596)","(1248.263312368328, 503.5805059670863)","(1248.2844705143602, 503.59073405401716)","(1248.250595858239, 503.54209262193723)","(1248.2951604014822, 503.52945593618836)","(1248.2859351467803, 503.5239142356349)","(1248.2317733099683, 503.5587944743672)","(1248.294651999891, 503.52473970600056)"
"(1117.2048320003669, 1412.7807233920144)","(1117.2317253314066, 1412.7598369755701)","(1117.2462043914563, 1412.7697369819382)","(1117.2156401233328, 1412.6708177609985)","(1117.198586555551, 1412.7131927940122)","(1117.2106785315116, 1412.6525442578225)","(1117.1883081578371, 1412.7202010215308)","(1117.1803871001814, 1412.7422579792828)","(1117.1306195983152, 1412.696129943108)","(1117.150305606223, 1412.7557283420347)","(1117.1157164603374, 1412.670948842644)","(1117.181619641486, 1412.6838028770708)","(1117.1334899200936, 1412.6786060961867)","(1117.0750303862133, 1412.6623353625666)","(1117.1128583069537, 1412.7888386507964)","(1117.1546631049468, 1412.8160323978393)","(1117.1481053412415, 1412.671960426638)","(1117.1847872597664, 1412.5268756310645)","(1117.161844720927, 1412.6909305539698)","(1117.13391001759, 1412.7031891782854)","(1117.1535806793843, 1412.6607233808766)"
"(1329.1041392432917, 1414.74901374083)","(1329.1363747151624, 1414.7283295395994)","(1329.129757303117, 1414.7677236951577)","(1329.1071278715522, 1414.7401764176896)","(1329.1246999806679, 1414.727206709726)","(1329.1330934340172, 1414.7037068750224)","(1329.0922774846595, 1414.7170509698299)","(1329.0611024609636, 1414.763280805003)","(1329.0254475489908, 1414.7034341472618)","(1329.0627407261711, 1414.7545488439273)","(1329.0690269741349, 1414.7115500658358)","(1329.0920151151336, 1414.710349356753)","(1328.9979812474442, 1414.7324222337043)","(1329.0477137000917, 1414.6962428941256)","(1329.0943936691026, 1414.7993867595064)","(1329.0604276776994, 1414.759730487334)","(1329.0641370149363, 1414.752502809577)","(1329.0739356788054, 1414.6276412489883)","(1329.0517848498523, 1414.7395681649398)","(1329.0854445886284, 1414.7392825220318)","(1329.0517052868668, 1414.7115787154346)"
"(703.06135645776, 1033.3654167609907)","(703.0861027567065, 1033.3820928625555)","(703.0910652502494, 1033.3813264064313)","(703.0226600304737, 1033.302732884503)","(703.0280624227127, 1033.3782789207623)","(703.0046536636513, 1033.2898565949868)","(702.9769470673765, 1033.3602567119754)","(702.9812418606454, 1033.3988000440124)","(702.9564041464508, 1033.314448506957)","(702.9606383871431, 1033.3867855203614)","(702.9629695689357, 1033.3156510731112)","(703.0327622357169, 1033.2978671912892)","(702.948496516216, 1033.32984225141)","(702.8882718050861, 1033.273259064851)","(702.9445973025785, 1033.4344377688158)","(702.967881063999, 1033.4377356924128)","(702.9467200452161, 1033.3049599058293)","(702.9557244324254, 1033.1356670783139)","(702.9637700832637, 1033.3181504244585)","(702.944880925596, 1033.3229340369978)","(702.9291800749145, 1033.306685510558)"
"(593.8515316272337, 1211.705057640519)","(593.8901442252157, 1211.680884547784)","(593.8655417526106, 1211.7218464458977)","(593.7928805786934, 1211.6142379842631)","(593.7759690820823, 1211.6951295184385)","(593.7512524188919, 1211.5967053130967)","(593.7645376091979, 1211.6546277039556)","(593.7662320975345, 1211.7116587009825)","(593.7323265781399, 1211.5956376214951)","(593.752898266714, 1211.662298847288)","(593.7228923926518, 1211.620625071163)","(593.7897075697862, 1211.592613964285)","(593.715138538717, 1211.609425537436)","(593.6409713704252, 1211.6005510625475)","(593.7250478818985, 1211.7368960227745)","(593.7225646573685, 1211.7480745260948)","(593.7236997511455, 1211.632382051167)","(593.7127847076024, 1211.4580870810278)","(593.7222592321832, 1211.6521965056704)","(593.70939554966, 1211.622581207738)","(593.7200775050961, 1211.5911514892098)"
"(494.151365308882, 1028.2747043525414)","(494.1943172463938, 1028.2514428748943)","(494.23114885426037, 1028.2123848177055)","(494.2104693424847, 1028.1031740384349)","(494.24413937424254, 1028.1570641540984)","(494.1958002065374, 1028.0727346821232)","(494.1660276978986, 1028.1730196710046)","(494.19110526053856, 1028.2165849977164)","(494.13468540268843, 1028.1192660030672)","(494.1598132003217, 1028.202271706304)","(494.1222265962297, 1028.131474613037)","(494.20311874143715, 1028.101095625489)","(494.1453131040748, 1028.1411562788146)","(494.095443264671, 1028.0813353544556)","(494.16175925966866, 1028.256726672613)","(494.1535577302503, 1028.270485888797)","(494.1436352927304, 1028.1186059426043)","(494.13536671722693, 1027.946485289365)","(494.1484820591137, 1028.1371385614125)","(494.1411772587942, 1028.1529558456407)","(494.1425553019194, 1028.114874107366)"
"(388.6057874400268, 1202.9710115227617)","(388.6557377621226, 1202.9609517263445)","(388.61672032788016, 1202.9867778603807)","(388.5446287202142, 1202.8741188002386)","(388.5486927851131, 1202.940373521112)","(388.5322302519408, 1202.858710846824)","(388.5353291344117, 1202.8698055567727)","(388.5635298790641, 1202.9326634666522)","(388.5312510571414, 1202.8462081429886)","(388.5508339228518, 1202.9384303483644)","(388.52649140601704, 1202.8626506030519)","(388.59077389246, 1202.8555090419206)","(388.52585657860885, 1202.8703065331506)","(388.44302041214934, 1202.8405245701929)","(388.52532218303526, 1202.9440616397294)","(388.52882594702453, 1202.953271867893)","(388.52628246215505, 1202.8541251974193)","(388.5232331383289, 1202.7296863010085)","(388.54516984755764, 1202.9027779153512)","(388.4979831980182, 1202.8800810582745)","(388.47602270769164, 1202.8571088971933)"
"(189.34983845352778, 1194.6074166766687)","(189.36667689921478, 1194.6267741622773)","(189.34393093752135, 1194.652554211185)","(189.36789300385888, 1194.521331731057)","(189.3645392220115, 1194.5683488435748)","(189.34732165364153, 1194.5301799240897)","(189.36770788084786, 1194.5434888404932)","(189.3612545053411, 1194.575318448931)","(189.34019324849163, 1194.5425586001218)","(189.3420611750345, 1194.5486001590598)","(189.33998864760292, 1194.5231007265306)","(189.38117069949377, 1194.5033404133078)","(189.33555153009996, 1194.520018628946)","(189.2999659463785, 1194.5009273050543)","(189.34840012362886, 1194.5513298663977)","(189.33277495433595, 1194.5935108593455)","(189.34633714755466, 1194.5309746803848)","(189.35251780667596, 1194.4180953054424)","(189.3633889968252, 1194.524713439689)","(189.34269570062747, 1194.5238588702143)","(189.32070776545268, 1194.5120473621396)"
"(1438.5081601183101, 1237.4356608862583)","(1438.500676989589, 1237.4281845949554)","(1438.5204419059164, 1237.4346317105974)","(1438.5114741283849, 1237.3763138577908)","(1438.4865363322358, 1237.36899235521)","(1438.4742267060055, 1237.3410938495215)","(1438.4966339227371, 1237.375111707729)","(1438.4821784089336, 1237.3628911160051)","(1438.485315795511, 1237.361866046929)","(1438.4872946406376, 1237.3965321089597)","(1438.4850751443082, 1237.3652730925587)","(1438.4927383662841, 1237.3464775642735)","(1438.470180047563, 1237.3715017055015)","(1438.4740278708566, 1237.3596849059916)","(1438.4713580384398, 1237.379799313586)","(1438.485409004229, 1237.40850048317)","(1438.446245035012, 1237.3530387392689)","(1438.4765367919583, 1237.3193599712483)","(1438.462708667906, 1237.3536566056953)","(1438.4385169677437, 1237.3863198444444)","(1438.4889200848154, 1237.3704880156417)"
"(488.13162437677727, 1387.8571488919333)","(488.13387374539866, 1387.8617024900982)","(488.1266201129164, 1387.8555757922427)","(488.17388929342184, 1387.7222861645237)","(488.18952453700575, 1387.8102298929884)","(488.16292994795833, 1387.753104981647)","(488.1838560201538, 1387.750371326792)","(488.18995193956636, 1387.8021556830797)","(488.17456486644363, 1387.713196535328)","(488.16525621426626, 1387.80002218799)","(488.1538209824833, 1387.7177645865463)","(488.1878107447406, 1387.7063908539287)","(488.1438852838267, 1387.7416608946278)","(488.0893412970913, 1387.6948544567415)","(488.1420345173791, 1387.802900113072)","(488.1481405716032, 1387.8031096103373)","(488.1183555957283, 1387.7336590836533)","(488.1583895481624, 1387.6285416918536)","(488.1526513802368, 1387.771969838038)","(488.15016512870744, 1387.7431620172947)","(488.1467330747706, 1387.7235740364458)"
"(590.7753385697473, 1569.5828455026801)","(590.8024296630521, 1569.5535519229804)","(590.7938193271696, 1569.5799776205197)","(590.8322177659713, 1569.4827294228985)","(590.8200899130337, 1569.5061944348206)","(590.8104828408849, 1569.4477274763417)","(590.8099520693753, 1569.5097810790157)","(590.7947085158816, 1569.535277778027)","(590.7925645436076, 1569.4560908192575)","(590.7929327713103, 1569.5143119299228)","(590.7776370721533, 1569.448353292406)","(590.8147872655228, 1569.4427504411442)","(590.7550541447695, 1569.4609046372084)","(590.754263959509, 1569.4412194780634)","(590.7908553115843, 1569.5357317439466)","(590.8031973914407, 1569.5299991724278)","(590.7896827419233, 1569.4537313574801)","(590.7849807192621, 1569.3514245687845)","(590.7841613861024, 1569.4630047484989)","(590.7447816288939, 1569.487900659922)","(590.7726712205075, 1569.4186208881565)"
"(486.420972797561, 1738.7083330433475)","(486.4229883389594, 1738.7058445503692)","(486.41308695581944, 1738.6742311670705)","(486.41435418183966, 1738.6861369370988)","(486.424167991711, 1738.688008441833)","(486.42988005368227, 1738.6459942003978)","(486.4246728845854, 1738.6607200665526)","(486.4204805151265, 1738.6997101068505)","(486.3793518871961, 1738.6968419773118)","(486.3915145329977, 1738.6705636790784)","(486.3951705647241, 1738.6419662905078)","(486.40990084647706, 1738.6526736339433)","(486.3945247633614, 1738.6365682016142)","(486.34445922673945, 1738.6558287186538)","(486.40311507321644, 1738.6935856975701)","(486.4052432785497, 1738.7166250266139)","(486.38440923359457, 1738.657275658198)","(486.4106939243512, 1738.6047944961035)","(486.3853299315979, 1738.6598246891676)","(486.40263768024323, 1738.658643063578)","(486.37999723893836, 1738.6541138976402)"
"(387.37107619569093, 1901.688150610811)","(387.37563779802025, 1901.6890327869432)","(387.3707820654321, 1901.683004697609)","(387.35718358017925, 1901.6842134320277)","(387.3438961676947, 1901.6696233178316)","(387.3609308808229, 1901.669027721698)","(387.3562672277595, 1901.6720566885965)","(387.3600052438014, 1901.6666889219578)","(387.33973829137256, 1901.661544342918)","(387.34980970446793, 1901.6596375126742)","(387.36461592517406, 1901.6795975952014)","(387.3596380622747, 1901.651302892036)","(387.35759724335776, 1901.6687304623517)","(387.359726710497, 1901.6599729872653)","(387.35462484505433, 1901.6703344576395)","(387.3590861342678, 1901.6833343976737)","(387.3449989443199, 1901.680099758719)","(387.35650306273646, 1901.6700820367557)","(387.3552616925144, 1901.6684557333008)","(387.3704362940514, 1901.6708138317783)","(387.3534881580221, 1901.6773518075652)"
"(812.7381945045076, 854.2764665863081)","(812.7453038727556, 854.2800108827223)","(812.6691402256185, 854.3727651963947)","(812.813926278903, 854.1913629637122)","(812.8305579805176, 854.2069375641406)","(812.8442718967813, 854.1230620008447)","(812.8597696546028, 854.1686452282543)","(812.8432172571677, 854.198256302331)","(812.8303306978437, 854.0953383827335)","(812.8323083458803, 854.1611575553244)","(812.8450749190845, 854.1347512411544)","(812.8526290378095, 854.1227612610662)","(812.8094395441245, 854.1569553496463)","(812.7610936282166, 854.1257744537406)","(812.8465172229228, 854.2088047781983)","(812.8456541148005, 854.2257819125015)","(812.8435271660804, 854.1400639704237)","(812.8356345032571, 854.0046906865233)","(812.843839969936, 854.1343569977206)","(812.8229395330336, 854.1493611240811)","(812.8339237993174, 854.1159537064714)"
"(923.5795438319946, 673.6291266800602)","(923.5923108635523, 673.6070824275379)","(923.5991762363676, 673.6309033200629)","(923.5810469054879, 673.6130836035327)","(923.5850265506874, 673.6277928494112)","(923.5804375174728, 673.6212004617624)","(923.5886940128592, 673.606800566915)","(923.5934023461524, 673.6091001697218)","(923.5484302424023, 673.6287026230488)","(923.5739845141463, 673.6088168814998)","(923.5647862452735, 673.6149700543153)","(923.5714003768092, 673.6141301722345)","(923.5897608602082, 673.5983984441932)","(923.558974699855, 673.573191562412)","(923.6009321868906, 673.6149146270235)","(923.5693438159799, 673.6163192273154)","(923.5826470794192, 673.5947223908353)","(923.5822634498387, 673.5493858849995)","(923.5888521739404, 673.5965968355857)","(923.5889611671583, 673.6147213461302)","(923.5774710442387, 673.5983828521624)"
"(384.44214486565824, 1558.9246260286939)","(384.4616841308768, 1558.9229631161245)","(384.4579911929274, 1558.9349755815813)","(384.44916384019587, 1558.887407351178)","(384.4598032057917, 1558.9020884348276)","(384.4406893225346, 1558.9081175476688)","(384.4314551107506, 1558.89247417106)","(384.45048074086617, 1558.9353231039252)","(384.4380568845838, 1558.8948342882488)","(384.4562775963613, 1558.914184328643)","(384.4330048523903, 1558.9055643131796)","(384.46112217451713, 1558.8942850056467)","(384.4519869850918, 1558.918020507949)","(384.4348870825578, 1558.887212055918)","(384.46539689002253, 1558.9193407353534)","(384.46651153822177, 1558.9291056241068)","(384.44689792229093, 1558.9066359923802)","(384.4258614045722, 1558.8476055772314)","(384.44427853880444, 1558.9389154116163)","(384.42088746850663, 1558.9342933396588)","(384.43985726475535, 1558.9002307492851)"
"(285.4626370182984, 1725.571284589452)","(285.4819649969555, 1725.5761448310132)","(285.4619280357832, 1725.5804485264703)","(285.44014901378125, 1725.5655598673284)","(285.4693875156232, 1725.572257683344)","(285.4493024347239, 1725.542444981299)","(285.427813745821, 1725.5674911567326)","(285.4454585671632, 1725.564599643001)","(285.41826460148513, 1725.539232983068)","(285.4454426219297, 1725.5760128060792)","(285.4319574107631, 1725.5166417625965)","(285.45271888381694, 1725.5599104661617)","(285.4239803649067, 1725.5428576036172)","(285.42717874892924, 1725.5672342462465)","(285.440275626873, 1725.5539970011198)","(285.4576076422369, 1725.590439863324)","(285.4704242435177, 1725.5389007435933)","(285.4471574133713, 1725.50001996573)","(285.4359304060249, 1725.5424005446916)","(285.4354994144311, 1725.5741796227487)","(285.44308167337584, 1725.5258575632133)"
"(286.2270781569486, 1376.736227590448)","(286.2535962298429, 1376.7062093833702)","(286.25104146885275, 1376.7546618142194)","(286.229505150263, 1376.6535464828144)","(286.2322612838856, 1376.702117614737)","(286.2342323081544, 1376.6424367956242)","(286.2515235350378, 1376.671525268151)","(286.25709905177354, 1376.664947424333)","(286.22139936424617, 1376.6361677982954)","(286.26257138408005, 1376.6418281725462)","(286.2280836919213, 1376.6402579201686)","(286.25655630827777, 1376.6208832028183)","(286.25651170804394, 1376.6270383314227)","(286.21679606164486, 1376.6162301872553)","(286.2455934396522, 1376.6882086124065)","(286.24892650524964, 1376.6545320334262)","(286.26086859280167, 1376.620442401509)","(286.2393222408858, 1376.5759416276169)","(286.2451850412553, 1376.6254911682258)","(286.2432862765518, 1376.6409975983217)","(286.25904232861444, 1376.6501511184567)"
"(604.9562515601639, 848.0634704052173)","(604.966421826432, 848.0495109380457)","(604.9496856244391, 848.0329842780105)","(604.9175939056819, 847.9729015757158)","(604.9302253800174, 848.0179681680993)","(604.902218659787, 847.9642953477543)","(604.8977511626673, 848.0297366071941)","(604.8989299829236, 848.0671494058153)","(604.8717780097926, 847.972253008339)","(604.87475789057, 848.0319163135485)","(604.8701426158259, 848.0136705554946)","(604.9075788132373, 847.989008535837)","(604.8866603820233, 848.0087239247254)","(604.8153297290419, 847.9862214487152)","(604.8777368159261, 848.0854214435261)","(604.8602388234154, 848.1036369349249)","(604.8550866461328, 847.9936834375641)","(604.8825452791936, 847.8579554915018)","(604.8673928769434, 848.0173672374675)","(604.8507866259903, 848.0094609433562)","(604.8527230915306, 848.003473365027)"
"(714.3704027582386, 667.0600813833734)","(714.390452335131, 667.0482038228322)","(714.381839532657, 667.081838647748)","(714.4154112067774, 667.0384257828003)","(714.4058428981333, 667.0516977003881)","(714.3755901341216, 667.05994354425)","(714.3731581693434, 667.0639238823293)","(714.3808899367889, 667.0661126364247)","(714.3942242864415, 667.0326069320043)","(714.3896339109815, 667.0591267075017)","(714.3616378279191, 667.0174308072528)","(714.4122258469032, 667.0420328311774)","(714.3763027488017, 667.0394204260622)","(714.3734548937168, 667.0247791594081)","(714.380071558672, 667.048686288791)","(714.3771237153669, 667.0728984655849)","(714.3732005765361, 667.0488030109234)","(714.3634857908879, 667.0182286047365)","(714.3789450791751, 667.0402847210397)","(714.3641266526087, 667.0511544061274)","(714.3757263673599, 667.0363612362969)"
"(1236.4178478594695, 863.7137564546315)","(1236.4305191830297, 863.7527180658615)","(1236.4017326411815, 863.7254799262661)","(1236.4420174692614, 863.6766570026493)","(1236.4594208974834, 863.6760613505288)","(1236.4621766781393, 863.6622518749712)","(1236.4474939875038, 863.687361599953)","(1236.4576000887482, 863.6866404774254)","(1236.4368980289394, 863.6760583713013)","(1236.4544964041927, 863.675408457558)","(1236.4368014198296, 863.6696558530055)","(1236.4328574720305, 863.655846128574)","(1236.4420938655608, 863.6518753844991)","(1236.4378608686332, 863.6353119853536)","(1236.4315989754618, 863.6740853206419)","(1236.4418935504718, 863.7114994709862)","(1236.472471990521, 863.6807125232906)","(1236.460219872642, 863.6399413118421)","(1236.4304630017084, 863.6544928527998)","(1236.4428448246633, 863.663723128293)","(1236.4242129969439, 863.6712433973462)"
"(1338.634502718008, 1048.915997385766)","(1338.6524125548174, 1048.9169863584784)","(1338.62475375676, 1048.9325458723201)","(1338.5734403825675, 1048.9461790537218)","(1338.5714587880286, 1048.9369424664199)","(1338.588755566146, 1048.9325646684094)","(1338.6202246300254, 1048.918996702111)","(1338.6204851112136, 1048.9581152697474)","(1338.6074195741303, 1048.9325461166495)","(1338.608357648049, 1048.952821917892)","(1338.5838775930868, 1048.9150309544984)","(1338.6172858822047, 1048.9295298337433)","(1338.5956609229797, 1048.919894604879)","(1338.587931574406, 1048.9096786260948)","(1338.5872977158256, 1048.9567460312335)","(1338.5908787084834, 1048.9543275944925)","(1338.5986858153165, 1048.948484354634)","(1338.60590399391, 1048.884604225445)","(1338.619838324788, 1048.925323421997)","(1338.6056958501522, 1048.9108102546572)","(1338.5971748371687, 1048.9063058068343)"
"(1548.5658992564283, 1057.527808873827)","(1548.5604751524716, 1057.5087695067396)","(1548.5812868425874, 1057.4647575950125)","(1548.5581120604231, 1057.5076778899484)","(1548.5712365722713, 1057.5251950044537)","(1548.5644622952418, 1057.5237780629855)","(1548.562126039724, 1057.5454786601201)","(1548.5697242055337, 1057.5236290724263)","(1548.557264303011, 1057.5185253645752)","(1548.5561106944617, 1057.5422167199479)","(1548.552397328482, 1057.521320981994)","(1548.5525878273156, 1057.529975452861)","(1548.5780450030759, 1057.5274036062851)","(1548.5505377306997, 1057.4975206179852)","(1548.5838563378063, 1057.5502373535296)","(1548.570393682553, 1057.5372669306953)","(1548.5502932378356, 1057.5495769625268)","(1548.564537717598, 1057.5145908499615)","(1548.5487915125736, 1057.5604268175173)","(1548.5376253529691, 1057.5500088658289)","(1548.5375299644393, 1057.5549006878418)"
"(1652.2117506005834, 1239.4041541572049)","(1652.2215165887662, 1239.4045455505268)","(1652.1951125479422, 1239.4010237545356)","(1652.17648253036, 1239.4517956953125)","(1652.1946973537028, 1239.4543721721116)","(1652.1820422267301, 1239.4518917043408)","(1652.1818244811113, 1239.4445533322275)","(1652.1678235507954, 1239.4568839729855)","(1652.207051800947, 1239.4365704329489)","(1652.1768383347355, 1239.4595046691543)","(1652.1739084761366, 1239.4371150113325)","(1652.187450781776, 1239.431442265753)","(1652.1724395718113, 1239.4308526264526)","(1652.1868334074613, 1239.4458532085991)","(1652.1697503622318, 1239.4662887543254)","(1652.1893551024307, 1239.463119872448)","(1652.1780036696616, 1239.4385060261893)","(1652.177969312954, 1239.4205125798867)","(1652.1702373490002, 1239.4648623147857)","(1652.1520413540486, 1239.4433902600392)","(1652.1690355523094, 1239.4355986027665)"
"(293.2179037912049, 1017.1535922681509)","(293.2023923347179, 1017.1477293002993)","(293.2108044244696, 1017.1446573984101)","(293.21402647876835, 1017.1375038765474)","(293.2210598500549, 1017.1555363788744)","(293.2172585188223, 1017.1107324223389)","(293.21281970222395, 1017.1270477626564)","(293.2258933886697, 1017.1393202906185)","(293.18681680795834, 1017.1435839993513)","(293.2007019727771, 1017.1365107114162)","(293.2159986321631, 1017.1164148695761)","(293.24432953035193, 1017.1221943046511)","(293.20990241959674, 1017.1155473488772)","(293.1762740954036, 1017.1300384712189)","(293.1840979017858, 1017.1488738498097)","(293.20276274347526, 1017.1505711083088)","(293.2080199470453, 1017.1242000444823)","(293.1935926164848, 1017.0362035809568)","(293.1967961864816, 1017.150505959016)","(293.16958014994265, 1017.1365186839353)","(293.174825246961, 1017.107882690293)"
"(398.52590388774865, 840.2479377260057)","(398.5006080355893, 840.2676191431435)","(398.5005452053777, 840.2752850107724)","(398.50290629048163, 840.2531980130212)","(398.4996513028308, 840.260207402405)","(398.5135351228726, 840.2246821775398)","(398.53498659056294, 840.2437350145616)","(398.52308287041234, 840.2487551896509)","(398.51218475547387, 840.2180285714308)","(398.5128658986804, 840.252470708375)","(398.4970081733225, 840.2107485200877)","(398.5130468703241, 840.2087861669098)","(398.5019783585367, 840.2309571261818)","(398.48665794924625, 840.2110067267464)","(398.53958535898386, 840.256616159256)","(398.5058066574105, 840.2795372876027)","(398.5080275232811, 840.227815678333)","(398.53889642678615, 840.1955309832633)","(398.49765029880143, 840.2363849305724)","(398.5007530653426, 840.2553386785868)","(398.5180873934658, 840.2606592857287)"
"(798.310081908817, 1578.6787302449657)","(798.3185336092787, 1578.6508203337214)","(798.3376657787403, 1578.6455195857375)","(798.3128940718526, 1578.525661663922)","(798.3355332062094, 1578.5684579131237)","(798.3095045886785, 1578.517263638548)","(798.3288398755419, 1578.5596499581716)","(798.3185880715886, 1578.5830944976008)","(798.2693442944674, 1578.4954893314352)","(798.2832128271799, 1578.5730365498544)","(798.2767556673791, 1578.4920678821688)","(798.3295302509719, 1578.4793079688745)","(798.2731950777545, 1578.5126224984804)","(798.2241791632327, 1578.4547981651401)","(798.2897627061138, 1578.6014062987656)","(798.2877620962843, 1578.601041763062)","(798.2738461461139, 1578.5117155629132)","(798.2797935198054, 1578.3728269197359)","(798.2900889303463, 1578.499768344029)","(798.2625085249416, 1578.4860200078024)","(798.2626631590001, 1578.4896319670856)"
"(689.8395736527478, 1748.4653089984195)","(689.8172613856625, 1748.4657640129499)","(689.8083217893493, 1748.4606325951959)","(689.8228279938704, 1748.4358393262976)","(689.8360461713862, 1748.438763285442)","(689.8419107991602, 1748.4443301369129)","(689.8264567089946, 1748.4619523668377)","(689.8291952782043, 1748.470509004607)","(689.8221137670981, 1748.4492728721432)","(689.8442580478352, 1748.4455112646597)","(689.835554121945, 1748.4308877861213)","(689.8356658390064, 1748.4558976497592)","(689.8236103040747, 1748.4167629827898)","(689.8144302180332, 1748.4176404380405)","(689.828834743457, 1748.4573128982006)","(689.820649593315, 1748.468917258383)","(689.8224085581764, 1748.428095558998)","(689.822292948302, 1748.425226745949)","(689.8215671203623, 1748.4310833944428)","(689.8092199041681, 1748.444889521147)","(689.8284330772489, 1748.460360207228)"
"(588.3923178602737, 1917.1265884983281)","(588.3761344708223, 1917.1460672293963)","(588.3731414063103, 1917.141983748373)","(588.363360874646, 1917.1563608921103)","(588.3567244110628, 1917.1643551940722)","(588.3658979237349, 1917.1535922766902)","(588.383452261219, 1917.1752058443235)","(588.3840361324212, 1917.1752534753514)","(588.3720953860958, 1917.164543729191)","(588.3714084602234, 1917.1879048175426)","(588.3796919504176, 1917.1591234162179)","(588.3840459546591, 1917.1605010081742)","(588.3632252318739, 1917.1765323313825)","(588.3591494785512, 1917.1681255708588)","(588.3662102505493, 1917.1775941787378)","(588.3698640440468, 1917.1925713297906)","(588.3837414472296, 1917.166204876963)","(588.3651085444169, 1917.1426357366452)","(588.358865874966, 1917.171299286947)","(588.371040885544, 1917.171952380936)","(588.3673845768827, 1917.1510222213221)"
"(1008.1298708801269, 1585.6135468622424)","(1008.1623436766398, 1585.572308607837)","(1008.2046913329485, 1585.5468651252406)","(1008.1562142627657, 1585.454379591128)","(1008.1851665490487, 1585.4920260923177)","(1008.1808653618763, 1585.444538675607)","(1008.2065944440835, 1585.4664990516917)","(1008.2188745235575, 1585.4756153212934)","(1008.1780100689714, 1585.4131848214533)","(1008.178726365008, 1585.4603965807019)","(1008.2025631270918, 1585.4012056279578)","(1008.229879564607, 1585.3924565048867)","(1008.1819118000907, 1585.393587190019)","(1008.1199965369191, 1585.3671350487602)","(1008.1954796543893, 1585.4644075610881)","(1008.1863887156298, 1585.506113511313)","(1008.1761157966558, 1585.405210078931)","(1008.1942040771471, 1585.2709193423327)","(1008.1552904384871, 1585.4079063394252)","(1008.1554664696498, 1585.4097191132403)","(1008.1591773557001, 1585.3817157170915)"
"(900.384284440628, 1758.3445117604351)","(900.4108649596681, 1758.3500485289394)","(900.3860749823998, 1758.3677070562974)","(900.4066987072251, 1758.270077564209)","(900.4028885143222, 1758.2842956591105)","(900.3886571877889, 1758.289207715704)","(900.3860003681596, 1758.3001797032452)","(900.3859636117675, 1758.2889311798865)","(900.3620750969443, 1758.264005169095)","(900.3595563350304, 1758.3096510541432)","(900.3584877972462, 1758.261357584672)","(900.392644445979, 1758.2653323927616)","(900.3768240367841, 1758.2866941812308)","(900.3481727949234, 1758.299508691468)","(900.3819245308852, 1758.3129188185987)","(900.3930603033673, 1758.3221439315591)","(900.3459750348851, 1758.318557909225)","(900.3642364921883, 1758.2259278470935)","(900.3695126411568, 1758.2784639699562)","(900.3609616812246, 1758.2864902670553)","(900.4019370314826, 1758.273710490212)"
"(1106.7768162092489, 1762.1533892061377)","(1106.7756541564902, 1762.167018467392)","(1106.7890537505875, 1762.1481377381774)","(1106.7508220776583, 1762.1757728238804)","(1106.763448448194, 1762.1783718539752)","(1106.7416011304115, 1762.1434659046413)","(1106.7780013472945, 1762.1643038692569)","(1106.7796571380716, 1762.1334632632202)","(1106.762541022941, 1762.1191408656873)","(1106.7488769243284, 1762.1400746761735)","(1106.7701514069583, 1762.1149791974906)","(1106.7872173575406, 1762.0959048088007)","(1106.7751452691618, 1762.1226909330426)","(1106.7348014473225, 1762.0919339167524)","(1106.7694740819109, 1762.1422871864318)","(1106.7696324711421, 1762.1964339260157)","(1106.792137581957, 1762.1089387975803)","(1106.7546060298414, 1762.0811224547103)","(1106.7576021247155, 1762.135592331626)","(1106.7754884684907, 1762.1379887676603)","(1106.748320937032, 1762.117278132268)"
"(1216.4091591895046, 1591.733561226001)","(1216.431024522274, 1591.7498122151378)","(1216.3914628402388, 1591.72953093298)","(1216.42722125385, 1591.7655216211595)","(1216.4427815619001, 1591.7745627389904)","(1216.4093498529846, 1591.7490811593095)","(1216.415903918501, 1591.7473225094157)","(1216.4090135177557, 1591.7361427501808)","(1216.3885870751053, 1591.7335153621677)","(1216.4097595811206, 1591.7759337940602)","(1216.3951911530853, 1591.7310007505052)","(1216.4342161583031, 1591.7096737643603)","(1216.4027249998605, 1591.725653169512)","(1216.362525817335, 1591.7148156536755)","(1216.393974834165, 1591.7650404350943)","(1216.403958255759, 1591.7708526731258)","(1216.3932585658608, 1591.7102669423816)","(1216.4207072577358, 1591.6613027523497)","(1216.396489097811, 1591.7323355013023)","(1216.3917081816262, 1591.7152031393007)","(1216.4016045503058, 1591.7365043453217)"
"(186.67163736084376, 1544.7781493276532)","(186.65141036780952, 1544.7680181824906)","(186.65574511542837, 1544.751702296908)","(186.6482516327188, 1544.7554401497553)","(186.66639400353074, 1544.7655588281064)","(186.6520437616684, 1544.7378922362834)","(186.65591684737302, 1544.7817594266908)","(186.65302556744214, 1544.7774923193529)","(186.64250081814563, 1544.7662940678247)","(186.67182147118382, 1544.757395983643)","(186.65492977185363, 1544.7511744124226)","(186.65254066890662, 1544.756683050369)","(186.6446600620461, 1544.7469375131427)","(186.63804591310793, 1544.7717006613618)","(186.6761065434703, 1544.7736951620027)","(186.65108313274246, 1544.7793525572251)","(186.63661009949823, 1544.7549611096135)","(186.65475128629052, 1544.701421982022)","(186.64585804203034, 1544.7499511772974)","(186.64209982113843, 1544.740896245112)","(186.64441657425385, 1544.750967135626)"
"(793.26669784829, 1923.705789433269)","(793.2715091665866, 1923.7037797323396)","(793.3030091556393, 1923.6816260317835)","(793.2635455304395, 1923.6939013454962)","(793.2414541666085, 1923.7174974842615)","(793.2695872642988, 1923.7064275806924)","(793.266901668632, 1923.733814724653)","(793.250752824567, 1923.740708959278)","(793.2583734767477, 1923.714698704864)","(793.2645633357786, 1923.7323725516194)","(793.2666550492995, 1923.7205005835701)","(793.2726802754758, 1923.6824341601261)","(793.2508364410177, 1923.7185522522855)","(793.2605178415133, 1923.6872087758086)","(793.2658285279192, 1923.7550208926366)","(793.2608940532895, 1923.7489195237038)","(793.2843730001875, 1923.7245547142352)","(793.2618023465741, 1923.699459428895)","(793.2771373484452, 1923.7141535164003)","(793.2721433000722, 1923.729685788798)","(793.3009355817871, 1923.7130897739455)"
"(509.0094586382597, 664.867467001226)","(509.0214617998358, 664.8306169170169)","(509.02881030353353, 664.8326493941582)","(509.01703111226607, 664.7938668429662)","(509.0257560613078, 664.7926632798639)","(509.0316410950298, 664.7785381938934)","(509.0252369130114, 664.8178656977752)","(508.9962391659974, 664.8419135025946)","(509.0003054737297, 664.7627137184605)","(508.99639427137913, 664.8549382363215)","(509.0020299574002, 664.7885864340009)","(509.0284652952565, 664.7876703378602)","(509.0111869191485, 664.7722435004902)","(508.94255424811337, 664.7672907707004)","(508.9975066464299, 664.8584886083655)","(509.00334474502625, 664.8670491890612)","(508.9998814022942, 664.7734334796884)","(508.99339519947125, 664.7047953524154)","(508.98240100909413, 664.7987353002596)","(508.9858314827133, 664.8136219880754)","(508.96614955549467, 664.7994714643528)"
"(307.38101298076856, 661.4285706994292)","(307.39375921704794, 661.411635813112)","(307.36505178911716, 661.4223078433586)","(307.3659658876604, 661.4301486095425)","(307.37937372947613, 661.4307921553296)","(307.36196864914166, 661.4073127513785)","(307.3664624924814, 661.4411051854835)","(307.35312147017555, 661.467550262616)","(307.33829556589984, 661.4396768219918)","(307.35319450881315, 661.4406657805602)","(307.3562323975202, 661.4168442972132)","(307.37029839816313, 661.4012985270867)","(307.3372312412072, 661.4386062259422)","(307.3302884800061, 661.4141765308308)","(307.35098484866273, 661.4503380660228)","(307.3343156491278, 661.4566157912459)","(307.3443641138216, 661.4201025611105)","(307.369022616044, 661.3694082168864)","(307.3400278703259, 661.4422900169867)","(307.3333628945857, 661.447266827808)","(307.36216176132916, 661.4181362731317)"
"(1037.2694034063918, 499.4500071151235)","(1037.2947549283556, 499.46638441768306)","(1037.2965931137921, 499.453005600066)","(1037.3001876126664, 499.4416212004171)","(1037.2815741590064, 499.4443668104112)","(1037.2855360300698, 499.41623602697877)","(1037.3003368623515, 499.4431042880878)","(1037.2757579082038, 499.43658542142765)","(1037.2920338983909, 499.42289859838195)","(1037.3224309297648, 499.4596000125994)","(1037.298275780479, 499.4412507098336)","(1037.3109810895546, 499.4349012943982)","(1037.2614783189817, 499.41179863817376)","(1037.2697985291654, 499.4295677319269)","(1037.280584634828, 499.4698478542501)","(1037.2902708592474, 499.4546215144188)","(1037.2942495170641, 499.44487849450354)","(1037.2989120591958, 499.43373565556055)","(1037.2836535055797, 499.443641907525)","(1037.2944987467952, 499.4401194441336)","(1037.2977532654072, 499.42788547614174)"
"(1348.3952704817711, 683.8038190019448)","(1348.3909724922935, 683.8478820078074)","(1348.3856383203522, 683.8512103993224)","(1348.4111354659497, 683.8105202059584)","(1348.4107754837019, 683.8037432729576)","(1348.4253416578895, 683.7970447371054)","(1348.4221419216906, 683.8094178192337)","(1348.4256977284654, 683.8149400447401)","(1348.3822570771874, 683.7989200190354)","(1348.4030024295605, 683.8342867671076)","(1348.3937662653395, 683.8005727068678)","(1348.3902047258691, 683.8071903293871)","(1348.396389833366, 683.8015933007385)","(1348.40106837268, 683.8181067362594)","(1348.4203367790237, 683.8377171967712)","(1348.4216147555292, 683.8277638269383)","(1348.4259549652445, 683.8218892874306)","(1348.402592610868, 683.7992073181408)","(1348.415500161189, 683.8252167456911)","(1348.4108116799903, 683.8245117394488)","(1348.40487024627, 683.8203899328024)"
"(823.7913476198758, 492.67716339313506)","(823.7580441007068, 492.6946944244575)","(823.7557577971255, 492.7138232919042)","(823.7885237256181, 492.6572897770609)","(823.7794763516497, 492.6885369746236)","(823.8027313655389, 492.67560825037157)","(823.7821897259515, 492.6950256606498)","(823.7503913874178, 492.67942120034877)","(823.7914394593201, 492.65399611513874)","(823.7494817491846, 492.68606943144067)","(823.7692470323328, 492.66320703817695)","(823.7415911806763, 492.6685657327514)","(823.761813767861, 492.6729136707157)","(823.7754547959152, 492.68150911270817)","(823.7709286852133, 492.69444181896927)","(823.7623266284568, 492.68676066110964)","(823.7755026686168, 492.64278556568735)","(823.7821900272684, 492.6449505850821)","(823.779088499268, 492.67939490739354)","(823.778596212608, 492.6925058082763)","(823.7735350320236, 492.6567244326794)"
"(1446.3526662291292, 869.1680207966805)","(1446.3657815063787, 869.1445886757922)","(1446.3552535105207, 869.15889084418)","(1446.3687896313459, 869.1766416872163)","(1446.3833274418685, 869.1871300992657)","(1446.3782693026205, 869.1732925376666)","(1446.3746644887622, 869.1558211585944)","(1446.367097708938, 869.1987084234667)","(1446.3542646274373, 869.1655677695031)","(1446.3611700467482, 869.1946654713447)","(1446.3757328889587, 869.1728092346186)","(1446.3724295647016, 869.1634398026924)","(1446.3862693461335, 869.1763936490491)","(1446.3772403110656, 869.1286551962957)","(1446.3750397630874, 869.1831106786339)","(1446.362174791705, 869.1768158767529)","(1446.3674285639484, 869.1618168595079)","(1446.3540356016094, 869.1583753682629)","(1446.372708404782, 869.1689366434207)","(1446.3598945655847, 869.1728512467583)","(1446.3669101919447, 869.2040082843104)"
"(198.66092900976207, 836.8359650074352)","(198.6886409952894, 836.8308175938191)","(198.6737746955602, 836.8156669953074)","(198.69065062394665, 836.7750223418503)","(198.70344345962005, 836.8064461964744)","(198.68748359395508, 836.7856398446805)","(198.70286923508505, 836.8130139648734)","(198.70676068271524, 836.8188428133568)","(198.68937592950584, 836.7614681231062)","(198.69977133913258, 836.8069902725381)","(198.68372538509038, 836.7985464336666)","(198.72750796886734, 836.7993642756662)","(198.69565578492902, 836.7996199834652)","(198.65845945507095, 836.7707139944422)","(198.68853801413525, 836.8213187251223)","(198.69933694035635, 836.8223576903438)","(198.68298805988107, 836.7958797788883)","(198.6898509216617, 836.7803760961987)","(198.68982897692334, 836.7838382630094)","(198.66223651641818, 836.813601333527)","(198.68823218294017, 836.8037721302819)"
"(94.71839563392922, 1012.5427359408604)","(94.75219958123576, 1012.5530128417698)","(94.73640012308779, 1012.5446118795636)","(94.73772817572448, 1012.5138243736276)","(94.70474516034562, 1012.5367385167973)","(94.72774793719157, 1012.5087801326455)","(94.73510192183345, 1012.5092157795424)","(94.72359314928035, 1012.5208217230245)","(94.70192611930521, 1012.4843706547383)","(94.72391318228254, 1012.5182288246133)","(94.73517017484757, 1012.5147362054317)","(94.73635011148892, 1012.5205782587369)","(94.73964992933874, 1012.5022770024294)","(94.70724032969663, 1012.4877164061699)","(94.72545968021917, 1012.5185368231092)","(94.71723402628903, 1012.5273805544178)","(94.72788780575368, 1012.4749585394576)","(94.73221227495405, 1012.4722587518994)","(94.72803090035454, 1012.5058476613984)","(94.73283968305203, 1012.5095176987578)","(94.72757086941999, 1012.5038346053325)"
"(1536.4794231915116, 1419.6146479480008)","(1536.4798617708984, 1419.5820160520298)","(1536.4591970948143, 1419.6317401180333)","(1536.4390359256022, 1419.6063255867286)","(1536.443190725608, 1419.610484908697)","(1536.4133446665383, 1419.6135948503597)","(1536.4197007412758, 1419.607863969247)","(1536.4156519402243, 1419.6162048239091)","(1536.4136411336005, 1419.599250051559)","(1536.395669403396, 1419.6283580321492)","(1536.4202343294921, 1419.6036892640325)","(1536.4073839148039, 1419.6055067455686)","(1536.3903245008298, 1419.6100609175098)","(1536.398983762903, 1419.6120804847972)","(1536.3845427953631, 1419.6426335071033)","(1536.408034838757, 1419.6138444248331)","(1536.3931578204824, 1419.6230778996432)","(1536.4067471146136, 1419.5975510547396)","(1536.4181647238863, 1419.613659772681)","(1536.4099187185736, 1419.6333921329367)","(1536.3890265159978, 1419.6170366946876)"
"(1426.1307035105378, 1596.184152028291)","(1426.1235462045656, 1596.180240803843)","(1426.1385965569038, 1596.2024578838054)","(1426.192286817142, 1596.2375861335404)","(1426.1867738364883, 1596.2710230678545)","(1426.1985836153142, 1596.2502649691628)","(1426.1821284224711, 1596.2318287145101)","(1426.1870872603347, 1596.2501617786904)","(1426.198392292187, 1596.2207738703423)","(1426.163631123257, 1596.2441233014022)","(1426.168861433622, 1596.2456611684024)","(1426.1588714457841, 1596.2499506768368)","(1426.1541069234436, 1596.238610628869)","(1426.146546227477, 1596.2325908670673)","(1426.1542589092269, 1596.2669755681707)","(1426.1548909586336, 1596.257788545365)","(1426.1480892513166, 1596.232836934088)","(1426.1555458214586, 1596.1948620896476)","(1426.1739681908402, 1596.2272526213026)","(1426.145185658901, 1596.221229818201)","(1426.155181468438, 1596.2121656459633)"
"(88.73719175362626, 1364.6810359027954)","(88.7235606842053, 1364.7093888876177)","(88.72368330020221, 1364.7045904890645)","(88.71267497590851, 1364.6794298577709)","(88.72232985331179, 1364.7043019921998)","(88.72131275840815, 1364.7248921377936)","(88.71731714008345, 1364.6942559917882)","(88.72438993864581, 1364.6956528953745)","(88.72443192345561, 1364.6812635941774)","(88.72195003226685, 1364.7052521496064)","(88.70892688788035, 1364.6973054629893)","(88.70991757706088, 1364.6773260652074)","(88.6937216991961, 1364.7099420239913)","(88.709012987505, 1364.684965744323)","(88.70504157740967, 1364.7182533624457)","(88.72202566990102, 1364.7049462777668)","(88.69781766329474, 1364.6854958048516)","(88.70648389910392, 1364.6611759809814)","(88.72528059425197, 1364.6870371055993)","(88.70918882597469, 1364.6771516023728)","(88.7099158060484, 1364.6640494243054)"
"(1000.3577288296468, 1931.6539615367042)","(1000.3427556726899, 1931.6148267186627)","(1000.3004816201541, 1931.637587120218)","(1000.326950880526, 1931.6162273360565)","(1000.321481934329, 1931.6111508249362)","(1000.3393431677632, 1931.5861219280725)","(1000.3518065028724, 1931.5784576296644)","(1000.3601397791317, 1931.6039629628003)","(1000.326324819209, 1931.573382605287)","(1000.3136682374166, 1931.6013076436716)","(1000.3178748000054, 1931.5848928173905)","(1000.3234911628697, 1931.5864316404957)","(1000.3272779455021, 1931.598947586619)","(1000.3398621145984, 1931.609623142764)","(1000.3441904555132, 1931.6117934600184)","(1000.3430844350988, 1931.6236619472786)","(1000.3419247382756, 1931.578115014959)","(1000.3459841809201, 1931.5676976730856)","(1000.3327686185057, 1931.6260414165865)","(1000.3108680075231, 1931.5877992050782)","(1000.3105409938279, 1931.5865598280786)"
"(618.4467417947105, 487.746774080996)","(618.4287111558132, 487.76387678030915)","(618.431693333212, 487.7581493751261)","(618.4328072343619, 487.73409846457974)","(618.4171875544165, 487.770541943733)","(618.4189856592471, 487.75446235432617)","(618.4251970035626, 487.7660809895891)","(618.4149484949683, 487.76773837736147)","(618.4241227927165, 487.7621351778452)","(618.4434248316722, 487.76748782376234)","(618.4207634054962, 487.75028856044)","(618.4516456801396, 487.74063107126545)","(618.430480391518, 487.7646893836455)","(618.420985861948, 487.73509826224864)","(618.4337058845958, 487.7772316443757)","(618.4410040459479, 487.8012782453547)","(618.415289927247, 487.7536267548236)","(618.4312941397719, 487.7319406210171)","(618.4098188892318, 487.7624644682001)","(618.403411414911, 487.77524121522936)","(618.4342848637591, 487.7718243237667)"
"(194.45001123362306, 1879.6507310759687)","(194.4576326331763, 1879.6514582323719)","(194.45715058403593, 1879.6517500038274)","(194.45454839663572, 1879.6411692962809)","(194.4666696219493, 1879.6552901950897)","(194.4516887495614, 1879.6459901806477)","(194.45364130143494, 1879.6432552850417)","(194.46056484058707, 1879.6463306145995)","(194.4419507297399, 1879.6362029599754)","(194.4515492026156, 1879.6434244055745)","(194.4513770414599, 1879.6495707092224)","(194.45935314352954, 1879.6430735016945)","(194.46814022339714, 1879.6273284930248)","(194.4771794962863, 1879.6563674031686)","(194.4488511248829, 1879.6500807942996)","(194.46164374811488, 1879.6509896018536)","(194.45550546280242, 1879.644178783681)","(194.46493562502988, 1879.6406555520637)","(194.44936236628402, 1879.6624025054289)","(194.4412167472805, 1879.632317539078)","(194.45799280173756, 1879.641651301742)"
"(92.74372376337831, 1707.5705987697343)","(92.7446947959752, 1707.5648628459383)","(92.73706960949086, 1707.58599123585)","(92.71839931429612, 1707.6054124920722)","(92.7365586601295, 1707.6166197806547)","(92.72675521170908, 1707.6028288270163)","(92.73479060014134, 1707.5977311434956)","(92.72849455532513, 1707.5970008567267)","(92.73689097905364, 1707.5870783627818)","(92.7351634106544, 1707.6153016628425)","(92.73747216094033, 1707.6048416270005)","(92.73006347991753, 1707.5892908541077)","(92.71678222286958, 1707.609595400452)","(92.713013299534, 1707.6012654556275)","(92.75849112882509, 1707.5982477543857)","(92.73679326447355, 1707.6235061944335)","(92.72078059234613, 1707.6113380278603)","(92.74707398834026, 1707.5827035996097)","(92.7388932737066, 1707.6252946643574)","(92.72642205428106, 1707.619715569122)","(92.74563100411085, 1707.6047975699048)"
"(1314.9117545599677, 1765.6082765470505)","(1314.9030654828798, 1765.600093286277)","(1314.890715962746, 1765.6170742597626)","(1314.7753687225365, 1765.6522377238875)","(1314.7538585491768, 1765.6783862240738)","(1314.7857709277296, 1765.6675566497695)","(1314.777880564022, 1765.6695930621624)","(1314.7783192212742, 1765.6819854551702)","(1314.7971254471213, 1765.6717204711522)","(1314.784852140823, 1765.6859096434912)","(1314.7542030091058, 1765.6780942396583)","(1314.771295999335, 1765.6994718966134)","(1314.7648895738546, 1765.6640744373947)","(1314.7329245756298, 1765.6856230708838)","(1314.7433548733243, 1765.6867291755798)","(1314.738917213274, 1765.685797923558)","(1314.7599824060162, 1765.6707811211309)","(1314.7555688405555, 1765.6450651573948)","(1314.7350262492284, 1765.6675190372573)","(1314.7485717246307, 1765.6760061148975)","(1314.7510348170406, 1765.6632247537634)"
"(415.4681993550696, 483.68852904353145)","(415.48863730507827, 483.6834986231658)","(415.47740796107263, 483.67848530706726)","(415.47706791021034, 483.65522073395647)","(415.4818007021482, 483.6832339948459)","(415.47384817541774, 483.66008013150184)","(415.47192945812714, 483.6633096868961)","(415.4646503189663, 483.68667246669634)","(415.4573160162452, 483.67536911385173)","(415.47015497440447, 483.671007429969)","(415.4572733346766, 483.6753472499436)","(415.48260565373727, 483.64906154195285)","(415.46980661388466, 483.6642158429591)","(415.4783574384975, 483.6793298559406)","(415.47482955714224, 483.6938777768219)","(415.46042499476346, 483.6838475901858)","(415.4934875552548, 483.66305319123626)","(415.47402281288674, 483.65213443329304)","(415.4813799556453, 483.67380486765035)","(415.4729683120885, 483.6769176641629)","(415.4643576472517, 483.6666397415335)"
"(218.53952232947674, 484.5669806220002)","(218.5185399936628, 484.5679604636904)","(218.53531825942974, 484.5451747844254)","(218.52231400961003, 484.5228857449402)","(218.52069265048723, 484.54137674579624)","(218.49758409008479, 484.54816118513094)","(218.49781962675965, 484.54939649717056)","(218.51595997979828, 484.56654977919504)","(218.5057111634862, 484.5314565545073)","(218.5079063710464, 484.553104607492)","(218.50259728266133, 484.54598720077973)","(218.5106679559145, 484.5437715046961)","(218.5131347151464, 484.529336702491)","(218.49536458033535, 484.54759350640063)","(218.5127394444603, 484.55726019703275)","(218.48431632231203, 484.54374390859573)","(218.50583828198975, 484.5241104422812)","(218.50693225808436, 484.5259408747123)","(218.49877316391093, 484.56502580265345)","(218.5131404556923, 484.5541433857318)","(218.51070655186325, 484.54622723918214)"
"(110.61225314893262, 660.5261664899352)","(110.60905037598751, 660.5200750307791)","(110.60262820271018, 660.5201650677026)","(110.60240509139017, 660.4436551243302)","(110.59764929613445, 660.4340957959328)","(110.6106963503514, 660.4659258724741)","(110.59359399093144, 660.4481498474511)","(110.60753691636378, 660.4560190822558)","(110.61050741965778, 660.4192289057416)","(110.61351959689269, 660.4403220310028)","(110.60518084949184, 660.4310625750877)","(110.59977166199448, 660.4490873925196)","(110.6099661721752, 660.4485108186562)","(110.59795729962806, 660.4550236448792)","(110.61112004905996, 660.472173703701)","(110.59727799443911, 660.4867740171369)","(110.6011999442883, 660.4588759271891)","(110.59306656093285, 660.4686812258535)","(110.61119207176145, 660.455940618601)","(110.60647639412306, 660.4617233996347)","(110.61280721004044, 660.4585748854245)"
"(728.4990394194787, 316.4660034680311)","(728.4990928273107, 316.46651480177087)","(728.4862599769839, 316.4724549524599)","(728.498568847411, 316.47451437646174)","(728.512598590622, 316.4750669817755)","(728.5051622449903, 316.4622836574815)","(728.501386971492, 316.46454004589503)","(728.4900636859909, 316.47796002791483)","(728.4898029183865, 316.45092033479)","(728.5070884512356, 316.47606368417775)","(728.5062213695454, 316.4706916962432)","(728.4972614338977, 316.4764208413629)","(728.5073173308009, 316.4755352354376)","(728.5100575649907, 316.46988954745905)","(728.5031791220846, 316.47795563875076)","(728.5014418609825, 316.4870563334651)","(728.5101674736146, 316.46673238588915)","(728.5096254156858, 316.4425384877691)","(728.4994001607464, 316.4627902830463)","(728.5086759422484, 316.4459669529815)","(728.5019451725797, 316.4801999275963)"
"(525.4878351625067, 315.53379632062945)","(525.4947387823154, 315.5236965196913)","(525.4789689486838, 315.543502447179)","(525.4827554433831, 315.5166337610534)","(525.4993773629935, 315.50258183902326)","(525.4934826763372, 315.507398410354)","(525.4976888948986, 315.51858001081615)","(525.4897332349075, 315.52614044615257)","(525.486241626406, 315.49994630001123)","(525.5000537167285, 315.51564187526225)","(525.4937757456771, 315.50737526184133)","(525.4963340751613, 315.51701637907576)","(525.5102499277135, 315.51784337123826)","(525.5033124662624, 315.5174258944877)","(525.5091519407177, 315.54143982134445)","(525.5047223343928, 315.5289325757503)","(525.5146164651372, 315.5092259680533)","(525.5144361740552, 315.512060255151)","(525.4985137695223, 315.52479751188963)","(525.5072810027029, 315.5238477445442)","(525.512398383195, 315.5308460902567)"
"(327.4113770008535, 311.72883676704856)","(327.41009905414336, 311.7162209809012)","(327.4049326136361, 311.7194710072131)","(327.40422517494267, 311.74004884509765)","(327.40259560932566, 311.7262981202662)","(327.3971745147677, 311.7235698419348)","(327.40392018121565, 311.7338234559997)","(327.3946868986014, 311.72743204304146)","(327.3963188046895, 311.7349499529493)","(327.3982693333934, 311.71854722893323)","(327.42133826798084, 311.71681893031354)","(327.4018395241008, 311.715911074297)","(327.4009176862552, 311.7125542000502)","(327.41150786569364, 311.7209314133671)","(327.4112760973389, 311.7241465200241)","(327.41521828259897, 311.7255097274748)","(327.4008077313267, 311.70396634690707)","(327.4158191006149, 311.70511713219)","(327.40096118211284, 311.71256003580345)","(327.4042320419352, 311.7211882579141)","(327.3936106500826, 311.712553658377)"
"(935.7022224634807, 315.6812248747632)","(935.7051200797736, 315.68183781706153)","(935.7085722898404, 315.6727349449544)","(935.7206044733836, 315.6604781564088)","(935.7004656466318, 315.6655850509122)","(935.6974296383125, 315.6773750067513)","(935.7033198702258, 315.6743631805532)","(935.7055608617736, 315.6850160745584)","(935.7184239902015, 315.6672628775759)","(935.7108660592087, 315.69118355671185)","(935.69991987382, 315.68164052651247)","(935.7033698149804, 315.66543733044256)","(935.6809397044548, 315.6717509900304)","(935.693528125706, 315.65725509376756)","(935.6870615299127, 315.664270831894)","(935.701511776098, 315.66196065205145)","(935.7041364128796, 315.6552812260787)","(935.6722297580804, 315.66595464523374)","(935.686207643655, 315.6679822960676)","(935.6774578280538, 315.65696763490104)","(935.6958547185246, 315.6790453660457)"
"(1556.5654897677157, 698.3437600193091)","(1556.5505827787117, 698.3311822171758)","(1556.5553422491712, 698.3243906015543)","(1556.5244808078082, 698.3428180439382)","(1556.5291843834557, 698.3657167610219)","(1556.5203158925112, 698.3409591862992)","(1556.5125272475452, 698.3350998547581)","(1556.5283996419066, 698.3466120507433)","(1556.5234920776795, 698.3457935923641)","(1556.4999071382063, 698.3417354726101)","(1556.5239507284589, 698.318459904036)","(1556.5247926953523, 698.3385545889176)","(1556.4988352128305, 698.3360449781378)","(1556.4852931817234, 698.3459521136466)","(1556.5017628282974, 698.352951914745)","(1556.5065949283432, 698.3587132498633)","(1556.4955368980338, 698.3388618737797)","(1556.497634412709, 698.3177251792563)","(1556.5027332872107, 698.3293396113079)","(1556.4866093995574, 698.3584888329764)","(1556.4890877823111, 698.3525964270938)"
"(1145.611957938738, 329.5119764216102)","(1145.6403901606109, 329.5010458902492)","(1145.6432135378839, 329.50927671331203)","(1145.6268289610957, 329.5018868012716)","(1145.6186985864063, 329.483369682274)","(1145.6253679490837, 329.50624944147563)","(1145.626529387691, 329.5037653046467)","(1145.6113856706008, 329.5006053422064)","(1145.6261456183156, 329.50407045957843)","(1145.6294843546502, 329.4998273444344)","(1145.641085168684, 329.4985308779201)","(1145.6304623650135, 329.4995097658746)","(1145.619537399127, 329.4939361750849)","(1145.613627277625, 329.516205906112)","(1145.6478675561416, 329.52172153874466)","(1145.6256956412553, 329.5173601331456)","(1145.622335963762, 329.49118410125686)","(1145.6295017474454, 329.5058007063591)","(1145.6338450882781, 329.51631546784677)","(1145.6241348225278, 329.5190511030201)","(1145.6390868757442, 329.52491531544666)"
